{"cameraMode":{"drawMode":0,"name":"Shaded","section":"Shading Mode"},"sceneLighting":true,"audioPlay":false,"sceneViewState":{"m_AlwaysRefresh":false,"showFog":true,"showSkybox":true,"showFlares":true,"showImageEffects":true,"showParticleSystems":true,"showVisualEffectGraphs":true,"m_FxEnabled":true},"in2DMode":false,"pivot":{"x":65.10220336914063,"y":-107.6390380859375,"z":109.61385345458985},"rotation":{"x":0.34934428334236147,"y":0.29184478521347048,"z":-0.11582908034324646,"w":0.8830881118774414},"size":103.07764434814453,"orthographic":false}