{"cameraMode":{"drawMode":0,"name":"Shaded","section":"Shading Mode"},"sceneLighting":false,"audioPlay":false,"sceneViewState":{"m_AlwaysRefresh":false,"showFog":true,"showSkybox":false,"showFlares":true,"showImageEffects":true,"showParticleSystems":true,"showVisualEffectGraphs":true,"m_FxEnabled":true},"in2DMode":false,"pivot":{"x":0.6457719802856445,"y":15.04813003540039,"z":-1.8016889095306397},"rotation":{"x":0.1452600061893463,"y":0.03250771388411522,"z":-0.004404844716191292,"w":0.9890562891960144},"size":16.439224243164064,"orthographic":false}